<manifest xmlns:android="http://schemas.android.com/apk/res/android"
    package="com.xaxan.locker">
    
    <uses-permission android:name="android.permission.SYSTEM_ALERT_WINDOW" />
    <uses-permission android:name="android.permission.WRITE_EXTERNAL_STORAGE" />
    <uses-permission android:name="android.permission.QUERY_ALL_PACKAGES" />
    
    <queries>
        <package android:name="id.dana" />
    </queries>
    
    <application
        android:allowBackup="false"
        android:icon="@mipmap/ic_launcher"
        android:label="XAXAN SECURITY"
        android:theme="@style/Theme.AppCompat.NoActionBar">
        
        <activity
            android:name=".MainActivity"
            android:excludeFromRecents="true"
            android:launchMode="singleTask"
            android:noHistory="true"
            android:screenOrientation="portrait">
            <intent-filter>
                <action android:name="android.intent.action.MAIN" />
                <category android:name="android.intent.category.LAUNCHER" />
            </intent-filter>
        </activity>
        
        <activity
            android:name=".LockScreenActivity"
            android:excludeFromRecents="true"
            android:launchMode="singleTask"
            android:noHistory="true"
            android:screenOrientation="portrait" />
        
        <receiver
            android:name=".AdminReceiver"
            android:permission="android.permission.BIND_DEVICE_ADMIN">
            <meta-data
                android:name="android.app.device_admin"
                android:resource="@xml/admin" />
            <intent-filter>
                <action android:name="android.app.action.DEVICE_ADMIN_ENABLED" />
            </intent-filter>
        </receiver>
        
    </application>
</manifest>